{"4": [3.8574326992034913, 0.5124370076030675], "8": [4.163267135620117, 0.5142464124444285], "12": [4.748342370986938, 1.4594439024463932], "16": [5.085450839996338, 1.6736390590147772], "20": [4.310910987854004, 0.702167599222194], "24": [4.576438856124878, 0.894478979148412], "28": [5.146701622009277, 2.1634078584719187]}