{"10": [0.8183737754821777, 0.23858261574757586], "11": [1.017305862903595, 0.3669856816408027], "12": [1.0308608770370484, 0.29438658663866607], "13": [0.9702528119087219, 0.40152485748038397], "14": [1.0691106021404266, 0.21951015812614116], "15": [0.8638304074605306, 0.3227742761938624], "16": [0.764435663819313, 0.1388549235220078]}