{"0": [0.2984865128993988, 0.016494188115282245], "1": [0.3992850720882416, 0.050172255696285244], "2": [0.2999912977218628, 0.00856539014112714], "3": [0.47524650692939757, 0.00529405119615584], "4": [0.31808987259864807, 0.012598939693214824], "5": [0.6628383874893189, 0.05081745252781995], "6": [0.28870129585266113, 0.013314936249675608], "7": [0.38439870476722715, 0.015942219253898327], "8": [0.5218665778636933, 0.04102866769256239], "9": [0.42924259305000306, 0.03506473325456106], "10": [0.664751160144806, 0.056209026310935446], "11": [0.40910508632659914, 0.03329127955458129], "12": [1.0247852087020874, 0.11435654695077327], "13": [0.38855159282684326, 0.019888886016003908], "14": [0.4104599475860596, 0.0398837696740424], "15": [0.6992473721504211, 0.2288180823255499], "16": [0.46016407012939453, 0.03854169981135741], "17": [0.7818954825401306, 0.05870908693760285], "18": [0.4832366108894348, 0.026196308912293853], "19": [1.4666824817657471, 0.40868487965961786], "20": [0.4738589346408844, 0.020080224655412156]}