{"0": [1.3762009382247924, 0.14766500185335804], "1": [4.4318372249603275, 2.176959954163612], "2": [1.3534857511520386, 0.043802102276320025], "3": [6.076834774017334, 0.9609845008831759], "4": [1.3229225158691407, 0.17992470785966178], "5": [12.719209098815918, 1.9263339083118804], "6": [0.9948249340057373, 0.08729439905263474], "7": [1.6822304725646973, 0.14386004973283717], "8": [4.51029782295227, 0.5197466207757245], "9": [1.6005609273910522, 0.19392514361528138], "10": [7.5568413734436035, 1.8660448048148903], "11": [1.583273458480835, 0.16277064338997305], "12": [17.008608055114745, 5.979351481670551], "13": [1.1913034439086914, 0.09501563148467276], "14": [2.0388208866119384, 0.09618782399145046], "15": [7.4435652732849125, 4.174951472097184], "16": [1.876830792427063, 0.13116832308994886], "17": [8.455322265625, 2.7188926423548554], "18": [1.6734101057052613, 0.15808064354118878], "19": [25.7994686126709, 18.118871216081292], "20": [1.3845284938812257, 0.10341446101107651]}