{"0": [0.864334511756897, 0.3154055950335443], "1": [0.8839442491531372, 0.3065571430517446], "2": [0.7441728353500366, 0.11890521556956177], "3": [0.8897657632827759, 0.2920897459527569], "4": [0.6484017769495646, 0.04625849014324854], "5": [0.8187743902206421, 0.22909384492058488], "6": [0.5254822174708048, 0.0027074474682644697], "7": [0.8177240490913391, 0.2416258983907593], "8": [0.8183737754821777, 0.23858261574757586], "9": [0.9283990025520324, 0.3508145509187084], "10": [0.8074658513069153, 0.2326111468347229], "11": [0.8990556478500367, 0.3437506869415801], "12": [0.7127548456192017, 0.18686451563417628], "13": [0.8749462366104126, 0.3540713158261097], "14": [1.1581554055213927, 0.3552178594591921], "15": [1.1513681650161742, 0.35144852903319795], "16": [1.0603939056396485, 0.48722944145520924], "17": [1.125674021244049, 0.3371616694616495], "18": [0.9370936036109925, 0.1501586915203746], "19": [0.9468515872955322, 0.2458555168123016], "20": [0.8246613889932632, 0.23534869777440062]}