{"0": [3.285992170276586e-06, 2.2015505485747114e-06], "1": [0.02506590951234102, 0.007598354023505784], "2": [0.004042109660804272, 0.001236666469341085], "3": [0.05415411964058876, 0.012956723248655573], "4": [0.009053390007466078, 0.0019377367734033093], "5": [0.15231950879096984, 0.023100667750469716], "6": [0.03211865884562334, 0.003821938055936318], "7": [7.364531043663192e-07, 6.294293198808323e-07], "8": [0.0055313108721748, 0.0036198793940083623], "9": [0.006746956013375893, 0.008284159548281378], "10": [0.015755435824394225, 0.0071231227956389965], "11": [0.005787718668580055, 0.007143493911971772], "12": [0.078434918820858, 0.025578970291819738], "13": [0.0143886684672907, 0.018992306770340774], "14": [9.549208897396966e-06, 2.0386706790940517e-05], "15": [0.0020579110831022264, 0.001311498727350098], "16": [0.0007863118313252926, 0.0002845535886909789], "17": [0.008763383282348514, 0.0053292232636449706], "18": [0.0017451477237045766, 0.0007525484453724724], "19": [0.058962808549404146, 0.0348939257891216], "20": [0.005701677058823407, 0.002444441742430112]}