{"0": [1.0829268395900726, 0.05031056438407888], "1": [1.1216949820518494, 0.04895627950877429], "2": [1.1660555005073547, 0.32060256859695907], "3": [1.1652047634124756, 0.06097727473853371], "4": [1.1184593588113785, 0.15436686155550025], "5": [1.3198892772197723, 0.12624916914777665], "6": [1.3447423458099366, 0.12835561075527496], "7": [1.2451974749565125, 0.3086927045557284], "8": [1.2890447735786439, 0.2985699607129041], "9": [1.0839859247207642, 0.18980451868603612], "10": [1.3311879515647889, 0.29615887591120904], "11": [1.2019578456878661, 0.345219528879277], "12": [1.451041340827942, 0.28885202706152174], "13": [1.2489922523498536, 0.15204729203388143], "14": [1.2630123257637025, 0.689038175413281], "15": [1.24920414686203, 0.5973424360575293], "16": [1.2341841816902162, 0.372047204357223], "17": [1.2452625989913941, 0.519584760856531], "18": [1.1546805500984192, 0.14339310293764232], "19": [1.2644208908081054, 0.3311148774382334], "20": [1.1803192138671874, 0.06852221836359672]}