{"0": [0.09741322994232178, 0.00826209529305394], "1": [0.2620909184217453, 0.05602805767832489], "2": [0.10324176847934723, 0.01067669460259164], "3": [0.5606084287166595, 0.3576048429803431], "4": [0.10817654728889466, 0.0046801342583392925], "5": [1.5404376685619354, 0.5773412955054789], "6": [0.15703381299972535, 0.011242732853146479], "7": [0.10562781244516373, 0.012797032976808497], "8": [0.4276047646999359, 0.21394261450090651], "9": [0.09539555311203003, 0.013106948179915864], "10": [0.8214975357055664, 0.477583857187739], "11": [0.10956733971834183, 0.015477105975902109], "12": [2.0525012016296387, 0.9206320121403853], "13": [0.14033413380384446, 0.012720113378047479], "14": [0.11478157341480255, 0.018101622349563445], "15": [0.371262913942337, 0.05772619298660581], "16": [0.1123006597161293, 0.006874000407247336], "17": [0.7725525617599487, 0.1824925994903882], "18": [0.12934673577547073, 0.01095434915337649], "19": [1.6492555618286133, 0.2819069224487864], "20": [0.14018458724021912, 0.0125321875630623]}