{"4": [0.462662947177887, 0.05138097279369281], "8": [0.48044044375419614, 0.012390950470152005], "12": [0.4881569266319275, 0.06208921568213097], "16": [0.5271915078163147, 0.09652266120352293], "20": [0.49561238288879395, 0.06593107892028283], "24": [0.5091651380062103, 0.05304013699805974], "28": [0.5341671228408813, 0.08242646464712967]}