{"0": [0.6875986605882645, 0.051057164884920285], "1": [0.7245593667030334, 0.038976471566408516], "2": [0.6902110576629639, 0.03922158089609818], "3": [0.7482614368200302, 0.028533125943829358], "4": [0.6521248519420624, 0.040044262058962506], "5": [0.7354166209697723, 0.014760645221374621], "6": [0.5185991048812866, 0.025658452966022514], "7": [0.7723562359809876, 0.04931108902403619], "8": [0.7834030389785767, 0.04684461597250758], "9": [0.9757534027099609, 0.3752225586524066], "10": [0.7846879482269287, 0.04370542789080652], "11": [0.6982077956199646, 0.05206258227471523], "12": [0.7222039461135864, 0.03199599479778937], "13": [0.6378294944763183, 0.21240384899457435], "14": [1.2822813272476197, 0.3376210703122576], "15": [1.2910381436347962, 0.32811559873281376], "16": [1.0217380762100219, 0.500375668610298], "17": [1.2786423683166503, 0.3117975097392477], "18": [1.077000117301941, 0.4090496196039153], "19": [1.115789520740509, 0.22928527433965992], "20": [0.8146121382713318, 0.24859687367086386]}