{"0": [0.5709954649209976, 0.027155162603474177], "1": [0.6302094608545303, 0.030888092703865718], "2": [0.534517303109169, 0.03512588102679361], "3": [0.7046868205070496, 0.05194470337955894], "4": [0.6175982654094696, 0.05651173756254157], "5": [0.8810506165027618, 0.10956283304825246], "6": [0.6306861162185669, 0.01649181016016002], "7": [0.5246154248714447, 0.15989382640914418], "8": [0.5593912959098816, 0.1477190125201858], "9": [0.6186515331268311, 0.06851406452433631], "10": [0.6125629425048829, 0.13589446823528376], "11": [0.5523195326328277, 0.0751340512633252], "12": [0.7957995176315308, 0.15726222736269005], "13": [0.6240368962287903, 0.08259146333692433], "14": [0.5896024465560913, 0.041850051742432025], "15": [0.5972597002983093, 0.037174434759890546], "16": [0.5935469925403595, 0.10624280901416464], "17": [0.6333963871002197, 0.041442182179740106], "18": [0.6264911413192749, 0.036442315949616715], "19": [0.803478229045868, 0.08011060184776277], "20": [0.6321839928627014, 0.05734522975580844]}