{"0": [7.096160826947084e-06, 8.535810125119495e-06], "1": [0.038961165584623814, 0.012698481919431622], "2": [0.0032636162941344082, 0.0012395163877400768], "3": [0.07788574881851673, 0.02244948415953337], "4": [0.008390613715164363, 0.0027658720326776973], "5": [0.1939944475889206, 0.02812474153943871], "6": [0.03238945193588734, 0.007097890646645352], "7": [0.007079369252676315, 0.009976093427585781], "8": [0.02197098806500435, 0.009657715365435948], "9": [0.00412253088579746, 0.00590854589283967], "10": [0.04134410619735718, 0.00909041503109294], "11": [0.007296960044186562, 0.009510901374601512], "12": [0.12498746812343597, 0.013068323803517554], "13": [0.01900712726637721, 0.015659550673991596], "14": [6.214019444783503e-06, 6.332650697566441e-06], "15": [0.018008781038224696, 0.013413426968380306], "16": [0.0006776708818506449, 0.0005190040209723687], "17": [0.04003871250897646, 0.02413596721713564], "18": [0.0019285147543996572, 0.0005193553723263377], "19": [0.1304681658744812, 0.0438500258754042], "20": [0.005123893124982714, 0.0016328925171744933]}