{"4": [0.01065447456203401, 0.005594902905363001], "8": [0.009991813171654939, 0.002594542270583472], "12": [0.008477391488850117, 0.003011552893556801], "16": [0.011720669642090797, 0.008683537946537772], "20": [0.0090044055134058, 0.003021810551302434], "24": [0.009002211876213551, 0.0019009670778621314], "28": [0.009338815789669752, 0.0021856892508978457]}