{"0": [0.5553701817989349, 0.07736815343181755], "1": [0.5704947888851166, 0.0741180130310746], "2": [0.5622341930866241, 0.047687023460148956], "3": [0.5887436151504517, 0.07207996306221995], "4": [0.543847382068634, 0.013277594129454952], "5": [0.6304094195365906, 0.050654455130176884], "6": [0.5495178898175558, 0.02624653099565727], "7": [0.6118809700012207, 0.01487759982725926], "8": [0.6066841840744018, 0.02125999653633739], "9": [0.5442694902420044, 0.08308748959036073], "10": [0.6160139679908753, 0.02944218767370617], "11": [0.5767182350158692, 0.07411083629658334], "12": [0.6865569233894349, 0.08937329600230397], "13": [0.6109344512224197, 0.07642041309159787], "14": [0.5810188293457031, 0.0721922030014509], "15": [0.5837937951087951, 0.06530433787934518], "16": [0.6175279140472412, 0.046382311442538696], "17": [0.6008717179298401, 0.06015916701039429], "18": [0.6000818252563477, 0.036032292487737816], "19": [0.7047970533370972, 0.04877586751859587], "20": [0.5846907794475555, 0.06057892552777785]}