{"0": [0.2440204517915845, 0.21446156332221902], "1": [0.3246404230594635, 0.2015852429547752], "2": [0.20352164655923843, 0.05119451785096093], "3": [0.4210560992360115, 0.18812240101708874], "4": [0.2658774219453335, 0.08619958928149822], "5": [0.7548728585243225, 0.16700519424106597], "6": [0.674272084236145, 0.09361213283827768], "7": [0.13415075093507767, 0.09257196007070752], "8": [0.21586632877588272, 0.08369671006543683], "9": [0.09190147295594216, 0.033690058182635485], "10": [0.3124573647975922, 0.08824110297478445], "11": [0.20001191049814224, 0.10066440807058538], "12": [0.6756064236164093, 0.13346953791714758], "13": [0.4637288510799408, 0.10052476012025277], "14": [0.06270120590925217, 0.047052285237754475], "15": [0.14530832022428514, 0.03957464095175922], "16": [0.07203764393925667, 0.03328300099629079], "17": [0.23911869525909424, 0.055010039701258666], "18": [0.13631954789161682, 0.03944385474492051], "19": [0.5605115234851837, 0.1297478342895139], "20": [0.44271413087844846, 0.0354790707002614]}