{"10": [0.6066841840744018, 0.02125999653633739], "11": [0.6328943073749542, 0.20504665851864673], "12": [0.5839953064918518, 0.06060288487853549], "13": [0.5531988859176635, 0.03880655559516361], "14": [0.5184122025966644, 0.07198891044219662], "15": [0.5633548398812612, 0.11371393861082332], "16": [0.566650427877903, 0.11145181495113425]}