{"0": [0.0001879079354694113, 4.6213262426109705e-05], "1": [0.01119539411738515, 0.006371149811660258], "2": [0.0010883380600716919, 0.0006530559212889021], "3": [0.016976758278906344, 0.0032556006687650984], "4": [0.004397367825731635, 0.001318651134694087], "5": [0.04006502479314804, 0.00533338197933008], "6": [0.022563280537724495, 0.005741929426596591], "7": [7.61906794650713e-05, 4.9226464806082904e-05], "8": [0.008609272446483374, 0.0034180100016032292], "9": [0.0018248252745252103, 0.0027975476180811328], "10": [0.01924105118960142, 0.007579329774428307], "11": [0.002732831542380154, 0.0035560936483673366], "12": [0.040708447247743605, 0.011779916710389015], "13": [0.01636404190212488, 0.0058646261527686636], "14": [0.0006092098534281831, 0.0010325814156208145], "15": [0.010960413236171007, 0.00505876933241111], "16": [0.0004898683371720835, 0.0002618066802488643], "17": [0.019287248514592646, 0.005179835912327401], "18": [0.0008945491805206984, 0.00038376659094276706], "19": [0.04645067527890205, 0.0074113410439223875], "20": [0.00871970341540873, 0.004650006083842992]}