{"10": [0.0055313108721748, 0.0036198793940083623], "11": [0.008334551293228288, 0.0101577982423957], "12": [0.010528965201228858, 0.013773565188849781], "13": [0.005399463209323585, 0.006884149451437588], "14": [0.01807134330738336, 0.0183732418284918], "15": [0.010270725702866912, 0.014546204152260577], "16": [0.016149329370819032, 0.016902953353041476]}